{
  "xgb_baseline": {
    "accuracy": 0.7611940298507462,
    "precision": 0.7209302325581395,
    "recall": 0.6078431372549019,
    "f1": 0.6595744680851063,
    "roc_auc": 0.7767540751240256
  },
  "xgb_tuned": {
    "accuracy": 0.7761194029850746,
    "precision": 0.7333333333333333,
    "recall": 0.6470588235294118,
    "f1": 0.6875,
    "roc_auc": 0.7980155917788803
  },
  "lightgbm": {
    "accuracy": 0.753731343283582,
    "precision": 0.6956521739130435,
    "recall": 0.6274509803921569,
    "f1": 0.6597938144329897,
    "roc_auc": 0.7847862036380817
  }
}
